id,predicted_position
215562,14
248311,6
223933,23
232546,10
189217,7
219793,4
258881,14
238062,16
233564,16
262555,15
115909,23
242737,7
260018,4
230075,5
261525,15
177684,6
260308,16
182122,5
220287,23
225875,14
245125,16
223663,19
253927,23
241927,16
201401,14
263291,15
236073,5
230251,6
215223,4
209371,14
251846,5
236649,4
211703,10
254714,4
247376,15
230522,19
212432,4
225529,6
254637,7
248284,4
259322,15
236264,16
240393,10
262353,15
190780,4
237764,7
224344,23
199577,6
230217,14
211872,5
236255,15
190745,4
235570,16
200532,5
203416,23
212267,11
226950,23
255779,14
232573,14
214680,4
229925,5
187761,11
246415,5
212075,23
197756,23
230173,4
217199,6
189575,10
213582,0
241058,16
205849,4
240150,14
224975,15
204050,6
258316,23
208787,16
247495,7
189331,6
243959,15
213151,14
252371,7
242143,16
246608,10
253688,4
232693,15
162052,4
226786,4
214971,10
224330,19
187421,16
242602,14
234111,0
221906,15
261948,10
214924,6
209744,5
243620,8
167926,16
208626,23
262963,19
237841,14
227055,10
230417,16
213114,10
253844,4
229184,6
205409,4
248434,23
203889,23
234774,6
251367,10
208120,23
235432,15
253290,5
227947,16
236471,7
229436,15
213413,4
228077,10
258560,23
238619,6
212513,19
243254,14
241471,23
259729,4
255566,2
229980,15
224633,15
181458,0
230294,23
228226,14
239596,6
220433,4
207806,5
248111,7
239842,23
201112,4
225498,14
241569,5
202771,5
244191,4
251085,19
228413,4
145014,7
246202,14
259345,23
223150,4
158293,7
239919,14
246350,7
231406,10
244467,4
252052,19
231638,23
224081,16
205566,5
240801,23
215700,7
261307,21
230474,10
235303,5
236637,16
242710,23
226702,16
232338,15
226728,6
232415,7
187837,23
234819,23
233493,14
231507,5
246669,5
262935,7
243127,10
192572,15
178297,5
227633,19
216150,14
227394,23
219167,15
242643,6
177313,23
256292,7
192638,5
228941,20
232144,6
206202,16
170597,4
257063,10
212228,23
260575,5
229582,15
256675,23
182689,7
232166,0
208045,0
204334,4
201305,6
247641,10
260474,14
194932,19
214884,15
209521,6
258396,6
233195,7
193584,23
205402,10
203864,8
246427,10
233948,19
184417,5
261477,15
220847,16
202814,14
239642,7
239491,10
230239,14
190995,10
240608,6
223952,4
222358,19
238187,15
239505,14
246282,14
241159,15
257179,6
258982,23
205686,16
263180,23
203376,6
235495,14
186267,14
223104,23
229849,16
204308,4
231933,15
262481,7
231835,23
225812,7
228627,5
225756,20
240027,19
248011,16
250941,5
186684,6
231027,0
235751,5
247479,4
248588,7
259778,10
185132,17
212683,23
203215,4
24630,4
251289,15
242187,0
201958,15
210802,6
244829,10
217441,4
263049,10
242002,19
217391,5
188541,16
247050,19
196935,6
239138,19
180808,17
239358,4
186392,14
217235,15
251185,4
252862,7
258889,14
239945,16
190156,17
212626,23
228992,15
258400,14
224648,5
240754,14
135537,15
244114,15
258303,10
204502,4
169710,14
242514,4
224232,7
256170,10
262699,19
230065,16
211033,4
183339,16
240953,14
230360,14
255871,10
245902,23
263823,16
224608,6
245510,14
234945,7
217731,20
193851,16
192665,4
232708,5
199738,6
233780,15
191111,16
187031,23
229217,21
255209,5
219275,15
215147,15
223922,7
219779,23
244210,16
247904,15
239814,15
243807,7
181010,15
262579,5
238095,6
259901,15
259847,6
230341,6
215181,14
186982,5
193747,16
243842,5
239763,19
224599,4
230379,15
259700,23
246231,19
236593,10
212090,15
192319,5
252434,23
233532,8
194150,4
235008,14
203796,7
254068,10
210368,4
230257,0
224504,10
243647,4
260619,10
200672,14
202113,14
203965,19
180902,23
223369,14
238008,6
246104,16
236845,5
214584,4
214376,5
199895,15
246800,19
242703,4
214968,7
251626,14
223253,15
212483,5
221599,6
232670,23
223072,17
205026,7
244869,10
237715,23
224198,5
202052,23
240206,19
234184,14
229949,23
200984,23
240728,6
244470,14
225733,23
216247,16
171923,16
233029,14
238195,14
226436,14
198178,15
234476,23
202408,15
216270,7
253378,6
242280,16
199700,19
225863,5
203026,6
194944,7
193945,14
227558,23
260708,14
199493,4
220659,16
178090,0
230285,6
254548,5
223740,7
199561,0
247195,7
256118,7
234856,14
262955,6
220735,23
222081,0
243908,15
222122,15
244656,4
220143,7
245214,19
210648,6
197837,6
225085,10
179574,23
244369,19
242531,14
230175,4
235210,19
245630,16
162280,0
245084,14
194873,16
236524,15
226161,14
261033,6
231498,6
171378,16
200949,10
230473,10
207925,14
227788,14
240034,15
263808,10
250781,4
207641,19
248000,4
224211,15
201143,6
208470,5
234148,14
235719,7
193440,6
195864,0
201888,23
216744,6
238040,6
200134,7
220139,0
244415,15
220196,19
241812,15
200454,23
233260,23
201877,10
252793,15
251065,15
179899,5
225600,5
206413,6
231005,19
230388,6
235890,6
204352,6
235844,6
211522,6
245074,4
230737,23
204217,23
243608,5
241982,7
253817,17
253490,5
230383,15
235949,10
208861,16
262581,15
175598,7
243862,5
258632,7
220061,15
198451,0
251041,5
216393,16
203809,6
206577,16
229905,6
200857,7
207805,7
260818,6
242874,14
247124,5
202841,5
243001,7
248056,5
256856,5
230172,4
203263,6
246450,19
246840,5
218848,16
225948,15
187013,6
202589,0
223690,4
224115,14
252692,23
221832,5
201389,5
255526,19
248265,6
187491,23
204082,6
194363,16
186101,15
198599,14
198177,6
244524,4
261172,7
140233,4
237256,23
202375,7
201153,23
248803,7
223053,19
212146,10
227275,4
236690,15
197954,19
246237,23
237438,23
260149,7
213281,7
203183,19
190362,23
176920,6
262801,23
200298,15
222104,15
158221,6
173673,7
263209,23
262959,23
232521,6
252959,10
188289,23
186347,5
221605,23
188135,14
229319,23
230965,16
215234,14
205072,16
197937,6
242279,5
238179,6
241043,15
236310,5
253351,5
179645,6
231720,4
234278,15
237604,15
255835,19
215466,15
236527,7
232622,23
198748,6
204785,23
240358,7
215178,15
224317,19
248327,14
237592,14
263550,6
202778,4
241130,23
230400,15
219953,0
227227,19
190583,23
255479,10
206086,5
184643,5
260203,6
262591,14
246852,15
235899,14
214918,0
188567,23
228173,20
253344,6
211240,10
213672,20
254028,15
186672,6
230665,0
230380,0
200108,5
234701,16
202896,10
200309,14
260311,6
193348,19
246324,14
261288,7
203751,5
188421,14
200433,23
241829,15
201119,5
224483,0
224841,14
193336,4
211688,5
230967,10
259685,15
237208,7
198145,23
220876,10
233884,16
211870,0
178424,5
232229,4
230211,14
213661,15
228607,4
257316,6
140222,6
235565,14
206469,10
235471,0
252144,15
242389,19
200928,16
198006,16
247819,6
216158,14
246159,14
222618,5
228645,0
232849,5
216793,23
230876,16
263006,5
210533,6
171972,7
243133,14
232712,16
188768,7
262671,5
234579,11
241197,15
193427,16
226379,4
245572,14
208498,23
236427,7
232132,6
238041,5
250823,14
214906,6
251805,14
224980,14
223230,6
203895,0
234180,10
214211,19
243664,14
238011,19
202087,17
235467,0
225545,16
252031,19
230376,0
224875,14
222660,6
184176,23
226928,5
256001,16
189715,7
214896,23
246693,23
245336,6
180706,15
229930,14
232656,5
228325,0
220620,14
229650,5
232687,5
214983,4
236246,16
253034,15
230235,14
230482,10
222273,5
241704,5
229915,23
242056,5
228326,5
210679,15
258683,7
236221,7
230222,6
159261,23
263023,4
225072,15
198135,6
241587,15
190223,5
211600,5
247142,7
200698,4
234258,5
254874,14
247851,7
245494,10
142499,16
256316,6
251660,5
251287,5
205495,23
228859,11
233154,4
210257,4
214659,6
212244,5
213271,14
186395,7
223136,5
194229,14
208719,4
187043,7
263288,10
186402,6
223175,4
239099,17
255349,6
204372,19
236696,19
222625,15
244537,6
253726,14
216391,19
222521,15
234935,5
226127,23
200458,5
244093,10
212223,23
213729,4
227537,23
259782,7
238511,15
241131,7
242835,15
205601,19
223752,6
192450,23
192366,6
232228,23
